<?xml version="1.0" encoding="utf-8" ?>
<dwsync>
<file name="1.png" server="vacationhosting.com//public_html/" local="131574506400000000" remote="131574506400000000" />
<file name="2.png" server="vacationhosting.com//public_html/" local="131574506400000000" remote="131574506400000000" />
<file name="3.jpg" server="vacationhosting.com//public_html/" local="131574506400000000" remote="131574506400000000" />
<file name="3.png" server="vacationhosting.com//public_html/" local="131574506400000000" remote="131574506400000000" />
<file name="Thumbs.db" server="vacationhosting.com//public_html/" local="131589185400000000" remote="131589185400000000" />
<file name="document_thumb.png" server="vacationhosting.com//public_html/" local="131574506400000000" remote="131574506400000000" />
<file name="f1.png" server="vacationhosting.com//public_html/" local="131574506400000000" remote="131574506400000000" />
<file name="f2.png" server="vacationhosting.com//public_html/" local="131574506400000000" remote="131574506400000000" />
<file name="f3.png" server="vacationhosting.com//public_html/" local="131574506400000000" remote="131574506400000000" />
<file name="pdf_thumb.jpg" server="vacationhosting.com//public_html/" local="131574506400000000" remote="131574506400000000" />
<file name="v1.png" server="vacationhosting.com//public_html/" local="131574506400000000" remote="131574506400000000" />
</dwsync>